Feature,q01,q05,q50,q95,q99,q995
error_rate,0.0,0.0,0.0,0.11198067739605341,1.0,1.0
unique_event_ratio,0.04943836992394891,0.2,1.0,1.0,1.0,1.0
unique_service_ratio,0.02564102564102564,0.14285714285714285,1.0,1.0,1.0,1.0
action_rarity_mean,2.9804134368896484,2.9804134368896484,2.9804134368896484,6.051210403442383,7.307965316772467,8.258523054122941
action_rarity_max,2.9804134368896484,2.9804134368896484,2.9804134368896484,7.327202939987131,11.124299049377441,12.446054458618164
service_rarity_mean,0.21333883702754974,0.9093899160623553,2.8247311115264893,5.578600883483887,5.578600883483887,5.578600883483887
service_rarity_max,0.21333883702754974,2.8247311115264893,2.8247311115264893,5.578600883483887,8.033256530761719,9.321489334106445
region_rarity_mean,1.8426926136016846,1.8426926136016846,1.8426926136016846,1.967513918876648,2.6607067418098453,2.773483991622925
region_rarity_max,1.8426926136016846,1.8426926136016846,1.8426926136016846,1.967513918876648,3.3972043991088867,3.3972043991088867
error_rarity_mean,1.4474735260009766,1.4474735260009766,1.4474735260009766,1.6909857749938952,2.929093837738037,3.142794339656833
action_prop_RunInstances,0.0,0.0,0.0,0.0,0.0,0.0
action_prop_AssumeRole,0.0,0.0,1.0,1.0,1.0,1.0
action_prop_DescribeSnapshots,0.0,0.0,0.0,0.5,0.9285714030265808,0.969072163105011
action_prop_DescribeInstances,0.0,0.0,0.0,0.0,0.1428571492433548,0.3333333432674408
action_prop_GetBucketAcl,0.0,0.0,0.0,0.0,0.0,0.021364754252135812
action_prop_DescribeSpotPriceHistory,0.0,0.0,0.0,0.0,0.0,0.0
action_prop_GetPolicyVersion,0.0,0.0,0.0,0.0,0.1428571492433548,0.20413520462811044
action_prop_GetCallerIdentity,0.0,0.0,0.0,0.0714285746216774,0.5,0.5
action_prop_ListBuckets,0.0,0.0,0.0,0.3333333432674408,1.0,1.0
action_prop_DescribeSnapshotAttribute,0.0,0.0,0.0,0.0,0.0,0.01785714365541935
action_prop_ListEntitiesForPolicy,0.0,0.0,0.0,0.0,0.0,0.0
action_prop_CreateDefaultVpc,0.0,0.0,0.0,0.0,0.0,0.0
action_prop_ListFunctions202224,0.0,0.0,0.0,0.0,0.1428571492433548,0.14746429182589366
action_prop_DescribeLoadBalancers,0.0,0.0,0.0,0.0,0.0,0.0
action_prop_DescribeSecurityGroups,0.0,0.0,0.0,0.0,0.0,0.013991135261021624
action_prop_DescribeVpcs,0.0,0.0,0.0,0.0,0.0,0.0033022500679363224
action_prop_ListPolicyVersions,0.0,0.0,0.0,0.0,0.0,0.0
action_prop_GetBucketLocation,0.0,0.0,0.0,0.0,0.0,0.010787486098706722
action_prop_DescribeKeyPairs,0.0,0.0,0.0,0.0,0.0,0.0
action_prop_GetPolicy,0.0,0.0,0.0,0.0,0.1428571492433548,0.20000000298023224
action_prop_DescribeTrails,0.0,0.0,0.0,0.0,0.0,0.00704441851936346
action_prop_CreateLogStream,0.0,0.0,0.0,1.0,1.0,1.0
action_prop_CreateKeyPair,0.0,0.0,0.0,0.0,0.0,0.0
action_prop_ListPolicies,0.0,0.0,0.0,0.0,0.0,0.06496844209730655
action_prop_GenerateCredentialReport,0.0,0.0,0.0,0.0,0.0,0.0
service_prop_ec2.amazonaws.com,0.0,0.0,0.0,0.7586206793785095,1.0,1.0
service_prop_sts.amazonaws.com,0.0,0.0,1.0,1.0,1.0,1.0
service_prop_s3.amazonaws.com,0.0,0.0,0.0,0.3333333432674408,1.0,1.0
service_prop_iam.amazonaws.com,0.0,0.0,0.0,0.07051495350896829,0.8333333134651184,1.0
service_prop_rds.amazonaws.com,0.0,0.0,0.0,0.0,0.0,0.024944876180961795
service_prop_lambda.amazonaws.com,0.0,0.0,0.0,0.0,0.2857142984867096,0.3333333432674408
service_prop_cloudtrail.amazonaws.com,0.0,0.0,0.0,0.0,0.0,0.01785714365541935
service_prop_apigateway.amazonaws.com,0.0,0.0,0.0,0.0,0.1666666716337204,0.31079327329993456
service_prop_logs.amazonaws.com,0.0,0.0,0.0,1.0,1.0,1.0
service_prop_elasticloadbalancing.amazonaws.com,0.0,0.0,0.0,0.0,0.0,0.0
service_prop_config.amazonaws.com,0.0,0.0,0.0,0.0,0.0,0.0
service_prop_redshift.amazonaws.com,0.0,0.0,0.0,0.0,0.0,0.0
log_n_events,0.6931471805599453,0.6931471805599453,0.6931471805599453,3.091042453358316,4.877402657022872,5.787560352151822
log_duration,0.0,0.0,0.0,7.483806687665835,8.40783109677345,8.629151573266796
events_per_min,0.06655574043261231,0.08722518159806297,1.0,1.5393970893970834,9.528967867575568,29.14265278980613
gap_mean,73.94740761322589,646.4229166666669,3600.0,30040.133333333302,133740.91000000006,223866.59000000005
gap_median,0.0,4.0,3600.0,26620.649999999892,128716.90000000001,209518.25500000035
gap_std,0.0,0.0,0.0,8675.314109186145,54467.462083760016,107524.4410017951
gap_max,1846.0,2139.55,3600.0,60046.89999999982,225483.41000000003,362254.5650000008
burst_ratio,0.0,0.0,0.0,0.1492780216038205,0.6551724076271057,0.7222222089767456
nighttime_ratio,0.0,0.0,0.0,1.0,1.0,1.0
weekend_ratio,0.0,0.0,0.0,1.0,1.0,1.0
action_switch_rate,0.0,0.0,0.0,0.6666666865348816,0.8571428656578064,0.8999999761581421
service_switch_rate,0.0,0.0,0.0,0.3076923191547394,0.6666666865348816,0.6666666865348816
region_switch_rate,0.0,0.0,0.0,0.2083333283662796,0.6312257713079458,0.6996973204612735
ip_switch_rate,0.0,0.0,0.0,0.5,0.6666666865348816,0.6666666865348816
ua_switch_rate,0.0,0.0,0.0,0.5,0.6666666865348816,0.6666666865348816
transition_surprise_mean,0.44623076915740967,0.5174953937530518,0.6600245237350464,4.138671207427972,6.934037270545965,7.874820690155048
transition_surprise_max,0.6600245237350464,0.6600245237350464,0.6600245237350464,7.311195373535156,9.310004234313965,9.90864086151123
hour_sin,-0.999229036240723,-0.9890158633619169,-0.07845909572784562,0.9869963665602319,0.9992290362407229,0.9998476951563913
hour_cos,-0.9992290362407229,-0.9890158633619169,-0.03489949670250097,0.9876883405951375,0.9992290362407229,0.9998476951563913
dow_sin,-0.9749279121818236,-0.9749279121818236,0.0,0.9749279121818236,0.9749279121818236,0.9749279121818236
dow_cos,-0.9009688679024191,-0.9009688679024191,-0.22252093395631434,1.0,1.0,1.0
unique_region_ratio,0.024390243902439025,0.10232862375719529,1.0,1.0,1.0,1.0
unique_ip_ratio,0.011456374085684428,0.0625,1.0,1.0,1.0,1.0
unique_ua_ratio,0.018420731913741155,0.1,1.0,1.0,1.0,1.0
identity_ip_novel_rate,0.0,0.0,0.0,0.0,0.0,0.0
identity_ua_novel_rate,0.0,0.0,0.0,0.0,0.0,0.0
identity_region_novel_rate,0.0,0.0,0.0,0.0,0.0,0.0
identity_service_novel_rate,0.0,0.0,0.0,0.0,0.0,0.0
identity_action_novel_rate,0.0,0.0,0.0,0.0,0.0,0.0
ua_rarity_mean,3.793020248413086,3.793020248413086,4.06949520111084,11.787897539138786,13.370250701904297,13.832348823547363
ua_rarity_max,3.793020248413086,3.793020248413086,4.592255592346191,13.139202117919922,13.832348823547363,13.832348823547363
ip_rarity_mean,3.793020248413086,3.793020248413086,3.793020248413086,13.832348823547363,13.832348823547363,13.832348823547363
ip_rarity_max,3.793020248413086,3.793020248413086,3.793020248413086,13.832348823547363,13.832348823547363,13.832348823547363
