epoch,train_loss,validation_loss,Model,Seed
1,0.24955120980739592,0.26561716198921204,Denoising Autoencoder,42
2,0.14694834724068642,0.16393925249576569,Denoising Autoencoder,42
3,0.08659399338066578,0.1017061322927475,Denoising Autoencoder,42
4,0.05500794959565004,0.07336711138486862,Denoising Autoencoder,42
5,0.041259025161465006,0.057609956711530685,Denoising Autoencoder,42
6,0.03351769410073757,0.04945587366819382,Denoising Autoencoder,42
7,0.029088200877110164,0.04272225499153137,Denoising Autoencoder,42
8,0.026863805887599786,0.03790522366762161,Denoising Autoencoder,42
9,0.024522220715880394,0.03617902100086212,Denoising Autoencoder,42
10,0.023202375260492167,0.033898208290338516,Denoising Autoencoder,42
11,0.022691013974448046,0.03197756037116051,Denoising Autoencoder,42
12,0.021804860141128302,0.030394650995731354,Denoising Autoencoder,42
13,0.020408681655923525,0.029949769377708435,Denoising Autoencoder,42
14,0.019564690192540486,0.028536174446344376,Denoising Autoencoder,42
15,0.020245329290628434,0.028081968426704407,Denoising Autoencoder,42
16,0.019817957499374945,0.02748371846973896,Denoising Autoencoder,42
17,0.018917582059899966,0.026075581088662148,Denoising Autoencoder,42
18,0.017687123268842697,0.026830879971385002,Denoising Autoencoder,42
1,0.2625227555632591,0.266727140173316,CloudTrace-MVAD (Full),42
2,0.16596403022607167,0.2277346160262823,CloudTrace-MVAD (Full),42
3,0.12579602946837742,0.1737691555172205,CloudTrace-MVAD (Full),42
4,0.09763460184137027,0.14304545801132917,CloudTrace-MVAD (Full),42
5,0.07520186901092529,0.11363471206277609,CloudTrace-MVAD (Full),42
6,0.05796805992722511,0.09442489221692085,CloudTrace-MVAD (Full),42
7,0.046764659136533736,0.08274228312075138,CloudTrace-MVAD (Full),42
8,0.04071069061756134,0.07723608333617449,CloudTrace-MVAD (Full),42
9,0.03676863896350066,0.07213008869439363,CloudTrace-MVAD (Full),42
10,0.03524399821956952,0.07006303872913122,CloudTrace-MVAD (Full),42
11,0.0328562601779898,0.06853927951306105,CloudTrace-MVAD (Full),42
12,0.03246305504192908,0.06660358794033527,CloudTrace-MVAD (Full),42
13,0.03166235455622276,0.06576541904360056,CloudTrace-MVAD (Full),42
14,0.03150159598638614,0.06472457014024258,CloudTrace-MVAD (Full),42
15,0.030657599742213885,0.06428624829277396,CloudTrace-MVAD (Full),42
16,0.030242673556009927,0.0640761936083436,CloudTrace-MVAD (Full),42
17,0.030046124259630838,0.06410348787903786,CloudTrace-MVAD (Full),42
18,0.03048405610024929,0.06410686066374183,CloudTrace-MVAD (Full),42
1,0.2538762832681338,0.2036295107100159,Ablation: Event only,42
2,0.1471358433365822,0.11265130457468331,Ablation: Event only,42
3,0.0786584548652172,0.05570851149968803,Ablation: Event only,42
4,0.04391438625752926,0.034825935028493404,Ablation: Event only,42
5,0.03294665819654862,0.02775473124347627,Ablation: Event only,42
6,0.029515941503147285,0.0240223438013345,Ablation: Event only,42
7,0.027012067039807637,0.021921807434409857,Ablation: Event only,42
8,0.023600299966832,0.019670496694743633,Ablation: Event only,42
9,0.022012314417709906,0.018225332023575902,Ablation: Event only,42
10,0.022046861766527096,0.01801925722975284,Ablation: Event only,42
11,0.020220545368889967,0.016337247332558036,Ablation: Event only,42
12,0.01995396806548039,0.01609081868082285,Ablation: Event only,42
13,0.020731895479063192,0.01569883176125586,Ablation: Event only,42
14,0.018912904988974334,0.015499416971579194,Ablation: Event only,42
15,0.019378480004767575,0.015033438103273511,Ablation: Event only,42
16,0.018286995186160008,0.014994306024163961,Ablation: Event only,42
17,0.019072978167484204,0.015030576149001718,Ablation: Event only,42
18,0.018793704422811666,0.014999695005826652,Ablation: Event only,42
1,0.23929073909918466,0.24936026334762573,Ablation: No event,42
2,0.1458183268706004,0.18044807575643063,Ablation: No event,42
3,0.09593506902456284,0.1341362725943327,Ablation: No event,42
4,0.0625322929273049,0.10346733219921589,Ablation: No event,42
5,0.04527429193258285,0.08970843814313412,Ablation: No event,42
6,0.036788402621944744,0.08256240654736757,Ablation: No event,42
7,0.03275338398913542,0.07846381794661283,Ablation: No event,42
8,0.028803287198146184,0.07551014982163906,Ablation: No event,42
9,0.026701230679949124,0.07354684453457594,Ablation: No event,42
10,0.026367443986237048,0.0713695203885436,Ablation: No event,42
11,0.02635648331294457,0.06990978866815567,Ablation: No event,42
12,0.024748790139953295,0.06842249725013971,Ablation: No event,42
13,0.024069628864526748,0.06769029702991247,Ablation: No event,42
14,0.023778293343881766,0.06695772707462311,Ablation: No event,42
15,0.02408845673004786,0.06641856674104929,Ablation: No event,42
16,0.024276749727626643,0.06597159709781408,Ablation: No event,42
17,0.024175142124295234,0.06609513703733683,Ablation: No event,42
18,0.02348272434125344,0.06596687342971563,Ablation: No event,42
1,0.17892307365934054,0.1593171041458845,Ablation: No temporal,42
2,0.09546606143315634,0.11095522018149495,Ablation: No temporal,42
3,0.05755273799101512,0.07967098196968436,Ablation: No temporal,42
4,0.0361222347865502,0.062491596676409245,Ablation: No temporal,42
5,0.027253897798558076,0.055076062213629484,Ablation: No temporal,42
6,0.024160828875998654,0.05157826887443662,Ablation: No temporal,42
7,0.021662218185762565,0.048631607089191675,Ablation: No temporal,42
8,0.01973199356968204,0.046783661004155874,Ablation: No temporal,42
9,0.018733959800253313,0.044941713102161884,Ablation: No temporal,42
10,0.017628256231546402,0.04345330875366926,Ablation: No temporal,42
11,0.016888930772741634,0.04213828104548156,Ablation: No temporal,42
12,0.01656881890570124,0.04116155579686165,Ablation: No temporal,42
13,0.015933534192542235,0.040543310809880495,Ablation: No temporal,42
14,0.0156934082818528,0.04013432818464935,Ablation: No temporal,42
15,0.015808888928343853,0.03987447964027524,Ablation: No temporal,42
16,0.01613169287641843,0.039785456378012896,Ablation: No temporal,42
17,0.015205297743280728,0.039630743907764554,Ablation: No temporal,42
18,0.015091920923441648,0.03961422760039568,Ablation: No temporal,42
1,0.33985785792271295,0.31838556937873363,Ablation: No relational,42
2,0.21579107344150544,0.22007009759545326,Ablation: No relational,42
3,0.1456412968536218,0.14897336065769196,Ablation: No relational,42
4,0.10104631458719572,0.10573197156190872,Ablation: No relational,42
5,0.07543507603307566,0.08826226182281971,Ablation: No relational,42
6,0.06249034578601519,0.07516848109662533,Ablation: No relational,42
7,0.05500271568695704,0.06804678495973349,Ablation: No relational,42
8,0.04939021865526835,0.0617341622710228,Ablation: No relational,42
9,0.04734467429419358,0.05847275955602527,Ablation: No relational,42
10,0.045172741760810216,0.05591183668002486,Ablation: No relational,42
11,0.04333984032273293,0.053395291324704885,Ablation: No relational,42
12,0.04108637968699137,0.05146203003823757,Ablation: No relational,42
13,0.04113168027251959,0.05053879972547293,Ablation: No relational,42
14,0.040450176472465196,0.05020512547343969,Ablation: No relational,42
15,0.04117517434060573,0.04971355712041259,Ablation: No relational,42
16,0.039460478660960994,0.049504716880619526,Ablation: No relational,42
17,0.0397595585634311,0.049235193990170956,Ablation: No relational,42
18,0.03952420378724734,0.04918918386101723,Ablation: No relational,42
1,0.2477460463841756,0.25548067688941956,Denoising Autoencoder,52
2,0.14856835181514422,0.16679470241069794,Denoising Autoencoder,52
3,0.09236749857664109,0.10758321732282639,Denoising Autoencoder,52
4,0.05921209119260311,0.0760323777794838,Denoising Autoencoder,52
5,0.042722543329000474,0.06102076172828674,Denoising Autoencoder,52
6,0.034750136608878775,0.050700653344392776,Denoising Autoencoder,52
7,0.030059473837415376,0.045503340661525726,Denoising Autoencoder,52
8,0.027104365391035876,0.04040601849555969,Denoising Autoencoder,52
9,0.02506289885689815,0.03693326935172081,Denoising Autoencoder,52
10,0.02424427345395088,0.03458442911505699,Denoising Autoencoder,52
11,0.02327139594902595,0.03338724374771118,Denoising Autoencoder,52
12,0.02133358127127091,0.03110956959426403,Denoising Autoencoder,52
13,0.020958860218524934,0.030164049938321114,Denoising Autoencoder,52
14,0.020416806420932212,0.029321497306227684,Denoising Autoencoder,52
15,0.01961939741546909,0.026753876358270645,Denoising Autoencoder,52
16,0.019581720481316248,0.026861993595957756,Denoising Autoencoder,52
17,0.018876977978895107,0.026783598586916924,Denoising Autoencoder,52
18,0.01841127403701345,0.025690000504255295,Denoising Autoencoder,52
1,0.26234424859285355,0.25893107801675797,CloudTrace-MVAD (Full),52
2,0.16458070625861485,0.21079980581998825,CloudTrace-MVAD (Full),52
3,0.12533688346544902,0.16116902511566877,CloudTrace-MVAD (Full),52
4,0.1023119608561198,0.13978403247892857,CloudTrace-MVAD (Full),52
5,0.08221200878421465,0.11651059053838253,CloudTrace-MVAD (Full),52
6,0.06434571854770184,0.10176342818886042,CloudTrace-MVAD (Full),52
7,0.05226572056611379,0.09098291583359241,CloudTrace-MVAD (Full),52
8,0.0441614576925834,0.08021646738052368,CloudTrace-MVAD (Full),52
9,0.03950768522918224,0.07760630548000336,CloudTrace-MVAD (Full),52
10,0.03733672716965278,0.07178039755672216,CloudTrace-MVAD (Full),52
11,0.035272022088368736,0.06911172159016132,CloudTrace-MVAD (Full),52
12,0.03307840991765261,0.0664473120123148,CloudTrace-MVAD (Full),52
13,0.032812319385508694,0.06549775833263993,CloudTrace-MVAD (Full),52
14,0.03167430236935616,0.06431668950244784,CloudTrace-MVAD (Full),52
15,0.03138368967920542,0.064260917250067,CloudTrace-MVAD (Full),52
16,0.0317082891240716,0.06358991796150804,CloudTrace-MVAD (Full),52
17,0.03088883273303509,0.06340600224211812,CloudTrace-MVAD (Full),52
18,0.031283920630812645,0.06342860870063305,CloudTrace-MVAD (Full),52
1,0.25981425046920775,0.20383103820495307,Ablation: Event only,52
2,0.14162319526076317,0.1067147342255339,Ablation: Event only,52
3,0.07290447081128756,0.05254544911440462,Ablation: Event only,52
4,0.0417023037870725,0.03364529926329851,Ablation: Event only,52
5,0.03348567187786102,0.026999080670066178,Ablation: Event only,52
6,0.02899150047451258,0.023462548851966858,Ablation: Event only,52
7,0.02625975348055363,0.02090378908906132,Ablation: Event only,52
8,0.02391166382779678,0.01902440225239843,Ablation: Event only,52
9,0.022562123152116934,0.01749821228440851,Ablation: Event only,52
10,0.022071776787439983,0.01695588685106486,Ablation: Event only,52
11,0.021449608790377776,0.01593981438782066,Ablation: Event only,52
12,0.020013520618279775,0.015350194880738854,Ablation: Event only,52
13,0.019629540387541056,0.015054189367219806,Ablation: Event only,52
14,0.019908849243074657,0.014659819891676307,Ablation: Event only,52
15,0.021082253598918518,0.014628898701630533,Ablation: Event only,52
16,0.018233525535712638,0.014414561563171446,Ablation: Event only,52
17,0.018522820714861155,0.014305472373962402,Ablation: Event only,52
18,0.01870371333012978,0.014297295245341957,Ablation: Event only,52
1,0.23680528153975805,0.26658232882618904,Ablation: No event,52
2,0.15113416388630868,0.2022559940814972,Ablation: No event,52
3,0.10062416990598043,0.1283303601667285,Ablation: No event,52
4,0.06237497118612131,0.09078261815011501,Ablation: No event,52
5,0.04336778124173482,0.07854176219552755,Ablation: No event,52
6,0.03554878234863281,0.07208246365189552,Ablation: No event,52
7,0.031455368362367155,0.07013449724763632,Ablation: No event,52
8,0.02873511587580045,0.06899610720574856,Ablation: No event,52
9,0.027753653563559057,0.0681920275092125,Ablation: No event,52
10,0.025207073924442134,0.06681532878428698,Ablation: No event,52
11,0.02449761579434077,0.06639400217682123,Ablation: No event,52
12,0.02493097906311353,0.06519481632858515,Ablation: No event,52
13,0.023637750806907814,0.06465823203325272,Ablation: No event,52
14,0.024383301970859368,0.06438268721103668,Ablation: No event,52
15,0.024203332203129927,0.06416824460029602,Ablation: No event,52
16,0.023981025504569212,0.06421460770070553,Ablation: No event,52
17,0.02394780274480581,0.06433425657451153,Ablation: No event,52
18,0.023663532050947348,0.06418443005532026,Ablation: No event,52
1,0.18203407004475594,0.17286985367536545,Ablation: No temporal,52
2,0.10560826112826666,0.12231267616152763,Ablation: No temporal,52
3,0.06332961296041807,0.0841405438259244,Ablation: No temporal,52
4,0.03889545996983846,0.06516664801165462,Ablation: No temporal,52
5,0.028429847769439222,0.05697814654558897,Ablation: No temporal,52
6,0.023933340733249982,0.052944408264011145,Ablation: No temporal,52
7,0.021433000763257343,0.04930873587727547,Ablation: No temporal,52
8,0.019922533569236598,0.047685211058706045,Ablation: No temporal,52
9,0.019283088172475496,0.046001022681593895,Ablation: No temporal,52
10,0.018018466451515756,0.044313567923381925,Ablation: No temporal,52
11,0.017077561281621457,0.04381210543215275,Ablation: No temporal,52
12,0.016824179608374835,0.042855923529714346,Ablation: No temporal,52
13,0.01671587253610293,0.04197611194103956,Ablation: No temporal,52
14,0.016269224199155965,0.04189136624336243,Ablation: No temporal,52
15,0.016465457218388716,0.04135863506235182,Ablation: No temporal,52
16,0.015430943078051011,0.04126612306572497,Ablation: No temporal,52
17,0.015578027597318094,0.0412657274864614,Ablation: No temporal,52
18,0.015747681415329378,0.04123881692066789,Ablation: No temporal,52
1,0.3499252662062645,0.333671934902668,Ablation: No relational,52
2,0.22470015982786815,0.26338078267872334,Ablation: No relational,52
3,0.15615145315726597,0.18104417249560356,Ablation: No relational,52
4,0.1081693818171819,0.12223238963633776,Ablation: No relational,52
5,0.0804294791072607,0.09386970475316048,Ablation: No relational,52
6,0.06661475487053395,0.08130553085356951,Ablation: No relational,52
7,0.05649565892914931,0.07088734954595566,Ablation: No relational,52
8,0.05363611591358979,0.06603425461798906,Ablation: No relational,52
9,0.04967746660113335,0.06258514057844877,Ablation: No relational,52
10,0.04631509097913901,0.05886069452390075,Ablation: No relational,52
11,0.04484849783281485,0.05723667610436678,Ablation: No relational,52
12,0.04272914826869965,0.054785254411399364,Ablation: No relational,52
13,0.04182995607455572,0.05385135067626834,Ablation: No relational,52
14,0.041271817435820896,0.05335615389049053,Ablation: No relational,52
15,0.04120025585095088,0.05300826532766223,Ablation: No relational,52
16,0.04080403683086236,0.052875885274261236,Ablation: No relational,52
17,0.040539856627583505,0.05268760398030281,Ablation: No relational,52
18,0.040496292524039745,0.052552657667547464,Ablation: No relational,52
1,0.24913355360428494,0.26472795009613037,Denoising Autoencoder,62
2,0.15120685050884883,0.17136651277542114,Denoising Autoencoder,62
3,0.09280439640084902,0.11119329929351807,Denoising Autoencoder,62
4,0.058214318255583444,0.07913155853748322,Denoising Autoencoder,62
5,0.04337642999986808,0.06194854527711868,Denoising Autoencoder,62
6,0.03466992390652498,0.05034906417131424,Denoising Autoencoder,62
7,0.03055946932484706,0.044546112418174744,Denoising Autoencoder,62
8,0.028286642643312612,0.04024459794163704,Denoising Autoencoder,62
9,0.026071637247999508,0.03785889595746994,Denoising Autoencoder,62
10,0.024929678502182164,0.03450982645153999,Denoising Autoencoder,62
11,0.023203652910888196,0.032568205147981644,Denoising Autoencoder,62
12,0.022260214605679115,0.02958536334335804,Denoising Autoencoder,62
13,0.021731711054841677,0.028671564534306526,Denoising Autoencoder,62
14,0.020303473249077796,0.028629358857870102,Denoising Autoencoder,62
15,0.020381354664762815,0.027712387964129448,Denoising Autoencoder,62
16,0.019118377628425758,0.02636321261525154,Denoising Autoencoder,62
17,0.018480935102949538,0.02634529024362564,Denoising Autoencoder,62
18,0.01808992335572839,0.025958772748708725,Denoising Autoencoder,62
1,0.2637558177113533,0.2580485250800848,CloudTrace-MVAD (Full),62
2,0.16088070447246233,0.2113111950457096,CloudTrace-MVAD (Full),62
3,0.12540291696786882,0.16725109610706568,CloudTrace-MVAD (Full),62
4,0.10170862873395284,0.1431144867092371,CloudTrace-MVAD (Full),62
5,0.08820753867427508,0.13193850684911013,CloudTrace-MVAD (Full),62
6,0.08076076755921045,0.12456165067851543,CloudTrace-MVAD (Full),62
7,0.06927884668111801,0.10117301438003778,CloudTrace-MVAD (Full),62
8,0.05388244142134984,0.08773473091423512,CloudTrace-MVAD (Full),62
9,0.0457580104470253,0.07961943186819553,CloudTrace-MVAD (Full),62
10,0.040697582562764484,0.07444002944976091,CloudTrace-MVAD (Full),62
11,0.03788735630611579,0.07234904263168573,CloudTrace-MVAD (Full),62
12,0.03592226045827071,0.07078967522829771,CloudTrace-MVAD (Full),62
13,0.03523894635339578,0.06915148813277483,CloudTrace-MVAD (Full),62
14,0.03358480557799339,0.06860768795013428,CloudTrace-MVAD (Full),62
15,0.03291819654405117,0.06772063346579671,CloudTrace-MVAD (Full),62
16,0.032766600139439106,0.06742562307044864,CloudTrace-MVAD (Full),62
17,0.0329682736347119,0.06733999028801918,CloudTrace-MVAD (Full),62
18,0.03349854946136475,0.06733042700216174,CloudTrace-MVAD (Full),62
1,0.26057391067345936,0.2078842252958566,Ablation: Event only,62
2,0.14545326555768648,0.11379025666974485,Ablation: Event only,62
3,0.07646096013486385,0.05686825851444155,Ablation: Event only,62
4,0.04584982121984164,0.036311910254880786,Ablation: Event only,62
5,0.034626540665825205,0.02902647410519421,Ablation: Event only,62
6,0.029846743245919547,0.02504228730686009,Ablation: Event only,62
7,0.028123454190790653,0.022734075784683228,Ablation: Event only,62
8,0.025317092550297578,0.020520677557215095,Ablation: Event only,62
9,0.023249475626895826,0.019467412144877017,Ablation: Event only,62
10,0.022633407451212405,0.018152595730498433,Ablation: Event only,62
11,0.021185813223322233,0.017285537905991077,Ablation: Event only,62
12,0.02046612206225594,0.016730384435504675,Ablation: Event only,62
13,0.01993686662365993,0.016248261323198676,Ablation: Event only,62
14,0.020359102947016556,0.015870479750446975,Ablation: Event only,62
15,0.019219348796953757,0.015760786598548293,Ablation: Event only,62
16,0.019396719895303248,0.015564463683404028,Ablation: Event only,62
17,0.019781332897643247,0.015486491261981428,Ablation: Event only,62
18,0.020188259705901147,0.015497459913603961,Ablation: Event only,62
1,0.2288255458076795,0.23364346846938133,Ablation: No event,62
2,0.13469872971375782,0.1787958424538374,Ablation: No event,62
3,0.08521733048061529,0.1176576316356659,Ablation: No event,62
4,0.05410142727196217,0.09228675253689289,Ablation: No event,62
5,0.04123009406030178,0.082209262996912,Ablation: No event,62
6,0.03452873763938745,0.07527225837111473,Ablation: No event,62
7,0.031029080972075462,0.07309846580028534,Ablation: No event,62
8,0.02758148405700922,0.07083107810467482,Ablation: No event,62
9,0.02756576829900344,0.06855418253690004,Ablation: No event,62
10,0.025876503127316635,0.06725221406668425,Ablation: No event,62
11,0.02447297821442286,0.06513094063848257,Ablation: No event,62
12,0.023529564402997492,0.06445984356105328,Ablation: No event,62
13,0.023633240722119808,0.06308828201144934,Ablation: No event,62
14,0.02345713513592879,0.0627625472843647,Ablation: No event,62
15,0.023043239551285902,0.062287493608891964,Ablation: No event,62
16,0.022661334772904714,0.06193220941349864,Ablation: No event,62
17,0.022772008273750543,0.06190806953236461,Ablation: No event,62
18,0.0230954434722662,0.06196534913033247,Ablation: No event,62
1,0.19810547828674316,0.19182802829891443,Ablation: No temporal,62
2,0.12207736819982529,0.14759104559198022,Ablation: No temporal,62
3,0.08432412693897882,0.10110587486997247,Ablation: No temporal,62
4,0.050574685881535214,0.0717800110578537,Ablation: No temporal,62
5,0.03263730828960736,0.05970580503344536,Ablation: No temporal,62
6,0.026373068119088808,0.05648233601823449,Ablation: No temporal,62
7,0.02380190628270308,0.05353382462635636,Ablation: No temporal,62
8,0.021344028723736603,0.05102925468236208,Ablation: No temporal,62
9,0.01963574377199014,0.04967139335349202,Ablation: No temporal,62
10,0.019074260101964075,0.04834409989416599,Ablation: No temporal,62
11,0.018337418356289468,0.04750204365700483,Ablation: No temporal,62
12,0.017953052123387655,0.046300897374749184,Ablation: No temporal,62
13,0.01734270288919409,0.04572881106287241,Ablation: No temporal,62
14,0.017269975412636994,0.04530278546735644,Ablation: No temporal,62
15,0.016218136219928663,0.044870200799778104,Ablation: No temporal,62
16,0.01709228285277883,0.04466659156605601,Ablation: No temporal,62
17,0.016731088298062483,0.04456739639863372,Ablation: No temporal,62
18,0.016250822599977253,0.04457621742039919,Ablation: No temporal,62
1,0.3450084274013837,0.32600300572812557,Ablation: No relational,62
2,0.21826904664436977,0.2212884221225977,Ablation: No relational,62
3,0.14624977086981136,0.1560884341597557,Ablation: No relational,62
4,0.10099770824114482,0.11815428454428911,Ablation: No relational,62
5,0.07538833282887936,0.0925454804673791,Ablation: No relational,62
6,0.06140291045109431,0.07944422867149115,Ablation: No relational,62
7,0.05424170084297657,0.07023429870605469,Ablation: No relational,62
8,0.05074455253779888,0.06551280431449413,Ablation: No relational,62
9,0.047757886722683905,0.06236874032765627,Ablation: No relational,62
10,0.044513444105784096,0.05905370321124792,Ablation: No relational,62
11,0.04397359776000182,0.05799331609159708,Ablation: No relational,62
12,0.04197064191102982,0.05647355783730745,Ablation: No relational,62
13,0.04202339351177216,0.05549424001947045,Ablation: No relational,62
14,0.040965108573436736,0.05435975035652518,Ablation: No relational,62
15,0.0411524023860693,0.0543916467577219,Ablation: No relational,62
16,0.04003043236831824,0.054199748672544956,Ablation: No relational,62
17,0.03941428009420633,0.053942432161420584,Ablation: No relational,62
18,0.0394209927568833,0.053934738505631685,Ablation: No relational,62
1,0.2467070976893107,0.2697220742702484,Denoising Autoencoder,72
2,0.15122053772211075,0.17673388123512268,Denoising Autoencoder,72
3,0.09095855255921682,0.10927197337150574,Denoising Autoencoder,72
4,0.05738424621522427,0.07969019562005997,Denoising Autoencoder,72
5,0.042631113342940806,0.062160149216651917,Denoising Autoencoder,72
6,0.035102086948851745,0.05245763063430786,Denoising Autoencoder,72
7,0.03038049942503373,0.04610591009259224,Denoising Autoencoder,72
8,0.027826048309604327,0.04226068779826164,Denoising Autoencoder,72
9,0.02546164089192947,0.03732699528336525,Denoising Autoencoder,72
10,0.024778914451599122,0.03464731201529503,Denoising Autoencoder,72
11,0.023933454975485803,0.033732276409864426,Denoising Autoencoder,72
12,0.022805367410182954,0.030747216194868088,Denoising Autoencoder,72
13,0.021343326506515343,0.029071014374494553,Denoising Autoencoder,72
14,0.020722732630868754,0.028480038046836853,Denoising Autoencoder,72
15,0.020533887079606454,0.027810396626591682,Denoising Autoencoder,72
16,0.019678869812438885,0.0268601942807436,Denoising Autoencoder,72
17,0.01877094687273105,0.02625899575650692,Denoising Autoencoder,72
18,0.019185741680363813,0.02558312937617302,Denoising Autoencoder,72
1,0.26163804829120635,0.26108348928391933,CloudTrace-MVAD (Full),72
2,0.16750848765174547,0.21543545462191105,CloudTrace-MVAD (Full),72
3,0.11390555004278818,0.1610244270414114,CloudTrace-MVAD (Full),72
4,0.07677711670597394,0.12203209660947323,CloudTrace-MVAD (Full),72
5,0.056391939893364905,0.10015176516026258,CloudTrace-MVAD (Full),72
6,0.046812696009874345,0.08658264763653278,CloudTrace-MVAD (Full),72
7,0.04185735769569874,0.08531860820949078,CloudTrace-MVAD (Full),72
8,0.037797073895732565,0.07951880898326635,CloudTrace-MVAD (Full),72
9,0.034917805592219034,0.07487981766462326,CloudTrace-MVAD (Full),72
10,0.03331709330280622,0.07339196559041739,CloudTrace-MVAD (Full),72
11,0.032418453320860866,0.0721029806882143,CloudTrace-MVAD (Full),72
12,0.032244489341974256,0.07071937713772058,CloudTrace-MVAD (Full),72
13,0.031011787801980974,0.06891004089266062,CloudTrace-MVAD (Full),72
14,0.03002771797279517,0.06771510373800993,CloudTrace-MVAD (Full),72
15,0.03025408834218979,0.06757963262498379,CloudTrace-MVAD (Full),72
16,0.029359705932438373,0.06706990487873554,CloudTrace-MVAD (Full),72
17,0.02938620143880447,0.06676177773624659,CloudTrace-MVAD (Full),72
18,0.02946832881619533,0.06678344216197729,CloudTrace-MVAD (Full),72
1,0.2776072641213735,0.22727644629776478,Ablation: Event only,72
2,0.16525558059414228,0.13166465214453638,Ablation: Event only,72
3,0.09124948171277841,0.06674668530467898,Ablation: Event only,72
4,0.04913699651757876,0.03750917478464544,Ablation: Event only,72
5,0.034054247476160524,0.028367631253786385,Ablation: Event only,72
6,0.02930439915508032,0.0245260278461501,Ablation: Event only,72
7,0.0274409552415212,0.022763783344998956,Ablation: Event only,72
8,0.024332815470794838,0.021295846672728658,Ablation: Event only,72
9,0.02182611059397459,0.019795042695477605,Ablation: Event only,72
10,0.02115571666508913,0.018653689650818706,Ablation: Event only,72
11,0.021071579090009132,0.01762856135610491,Ablation: Event only,72
12,0.020302250888198613,0.017174195614643395,Ablation: Event only,72
13,0.02108012344688177,0.016976886428892612,Ablation: Event only,72
14,0.018789619052161772,0.016573087079450488,Ablation: Event only,72
15,0.018795304466038942,0.01627710449974984,Ablation: Event only,72
16,0.019143940104792517,0.016215262934565544,Ablation: Event only,72
17,0.018769219828148682,0.01613067032303661,Ablation: Event only,72
18,0.019554114465912185,0.01611387776210904,Ablation: Event only,72
1,0.23089114005366962,0.22474868036806583,Ablation: No event,72
2,0.11944230198860169,0.14699827320873737,Ablation: No event,72
3,0.07358455409606297,0.10585288237780333,Ablation: No event,72
4,0.0497121994694074,0.08553595747798681,Ablation: No event,72
5,0.037644885418315725,0.07577136904001236,Ablation: No event,72
6,0.03323689779887597,0.07130914181470871,Ablation: No event,72
7,0.0303378035624822,0.06838610209524632,Ablation: No event,72
8,0.02794380815078815,0.06866157427430153,Ablation: No event,72
9,0.02617524638772011,0.0668547498062253,Ablation: No event,72
10,0.024764849493900936,0.0661927592009306,Ablation: No event,72
11,0.023974759255846342,0.06528142560273409,Ablation: No event,72
12,0.023373890047272045,0.06372945010662079,Ablation: No event,72
13,0.023881216160953046,0.06311795487999916,Ablation: No event,72
14,0.023118194565176962,0.06285992823541164,Ablation: No event,72
15,0.022722901465992134,0.062230538576841354,Ablation: No event,72
16,0.022305485357840858,0.0620989091694355,Ablation: No event,72
17,0.022764983338614306,0.06211116351187229,Ablation: No event,72
18,0.023340579805274805,0.06213713809847832,Ablation: No event,72
1,0.18062206705411274,0.1735853450372815,Ablation: No temporal,72
2,0.10493400568763415,0.12236516131088138,Ablation: No temporal,72
3,0.06251998307804267,0.08082537958398461,Ablation: No temporal,72
4,0.036860754092534385,0.06254880921915174,Ablation: No temporal,72
5,0.0272891890257597,0.05557842319831252,Ablation: No temporal,72
6,0.024108940921723842,0.05194318247959018,Ablation: No temporal,72
7,0.021474731837709746,0.04892781074158847,Ablation: No temporal,72
8,0.020516154107948145,0.04704387811943889,Ablation: No temporal,72
9,0.019152616740514834,0.04538176627829671,Ablation: No temporal,72
10,0.01789340709025661,0.0439027501270175,Ablation: No temporal,72
11,0.016980322947104772,0.04276038846001029,Ablation: No temporal,72
12,0.017252828429142632,0.042245195945724845,Ablation: No temporal,72
13,0.01650975678736965,0.04141712700948119,Ablation: No temporal,72
14,0.01606309097260237,0.04116746713407338,Ablation: No temporal,72
15,0.016300894071658453,0.04098046151921153,Ablation: No temporal,72
16,0.015216278626273077,0.04069782258011401,Ablation: No temporal,72
17,0.01593948599571983,0.04065042198635638,Ablation: No temporal,72
18,0.016155797926088174,0.040653065545484424,Ablation: No temporal,72
1,0.3471388613184293,0.3330981135368347,Ablation: No relational,72
2,0.2299639567732811,0.2632145881652832,Ablation: No relational,72
3,0.16335058212280273,0.17920242343097925,Ablation: No relational,72
4,0.11311728060245514,0.12594389077275991,Ablation: No relational,72
5,0.08210905467470488,0.10037557128816843,Ablation: No relational,72
6,0.06645164626340071,0.09180106781423092,Ablation: No relational,72
7,0.059324318543076515,0.08138248976320028,Ablation: No relational,72
8,0.05363544511298338,0.07402687147259712,Ablation: No relational,72
9,0.049173559372623764,0.06678302679210901,Ablation: No relational,72
10,0.04669650668899218,0.06487765349447727,Ablation: No relational,72
11,0.04491301750143369,0.06272981502115726,Ablation: No relational,72
12,0.0446463601042827,0.061205703765153885,Ablation: No relational,72
13,0.041450979684789974,0.05909101665019989,Ablation: No relational,72
14,0.04239372710386912,0.05956783704459667,Ablation: No relational,72
15,0.041325459629297255,0.05778697598725557,Ablation: No relational,72
16,0.04173487064739068,0.05743167456239462,Ablation: No relational,72
17,0.040700523927807805,0.05753062479197979,Ablation: No relational,72
18,0.04026252416272958,0.05743543291464448,Ablation: No relational,72
1,0.24054067879915236,0.2489071786403656,Denoising Autoencoder,82
2,0.14109902853767078,0.16393469274044037,Denoising Autoencoder,82
3,0.08938085610667865,0.11236070096492767,Denoising Autoencoder,82
4,0.059649430712064105,0.08179967105388641,Denoising Autoencoder,82
5,0.04365302920341492,0.06466253101825714,Denoising Autoencoder,82
6,0.035768487676978114,0.05531899631023407,Denoising Autoencoder,82
7,0.03075381430486838,0.04873989149928093,Denoising Autoencoder,82
8,0.02806132435798645,0.04377119988203049,Denoising Autoencoder,82
9,0.027076014255483945,0.040286507457494736,Denoising Autoencoder,82
10,0.025606152787804603,0.03832951933145523,Denoising Autoencoder,82
11,0.023464856048425037,0.03710351511836052,Denoising Autoencoder,82
12,0.02263958112647136,0.034704212099313736,Denoising Autoencoder,82
13,0.0216661029184858,0.03302508592605591,Denoising Autoencoder,82
14,0.021095577192803226,0.03262709081172943,Denoising Autoencoder,82
15,0.020202364617337782,0.03156346455216408,Denoising Autoencoder,82
16,0.019264753876874843,0.03087666444480419,Denoising Autoencoder,82
17,0.019468179779748122,0.029893148690462112,Denoising Autoencoder,82
18,0.018634658462057512,0.029388701543211937,Denoising Autoencoder,82
1,0.2563137138883273,0.2637980654835701,CloudTrace-MVAD (Full),82
2,0.16121324648459753,0.19362634047865868,CloudTrace-MVAD (Full),82
3,0.12121417621771495,0.15476319752633572,CloudTrace-MVAD (Full),82
4,0.0933601958056291,0.12467461731284857,CloudTrace-MVAD (Full),82
5,0.0705533762772878,0.09943792223930359,CloudTrace-MVAD (Full),82
6,0.05474387742578983,0.0873615313321352,CloudTrace-MVAD (Full),82
7,0.04487797444065412,0.08013701252639294,CloudTrace-MVAD (Full),82
8,0.040251688783367476,0.07468045689165592,CloudTrace-MVAD (Full),82
9,0.0367556544020772,0.07303306087851524,CloudTrace-MVAD (Full),82
10,0.03510196668406328,0.07058602012693882,CloudTrace-MVAD (Full),82
11,0.03310873632629712,0.06946907378733158,CloudTrace-MVAD (Full),82
12,0.03200376586367686,0.06864157784730196,CloudTrace-MVAD (Full),82
13,0.030999875503281753,0.06735255010426044,CloudTrace-MVAD (Full),82
14,0.030722043414910635,0.06691834703087807,CloudTrace-MVAD (Full),82
15,0.03069620697448651,0.06669803988188505,CloudTrace-MVAD (Full),82
16,0.030091738825043044,0.06634614802896976,CloudTrace-MVAD (Full),82
17,0.030675065765778223,0.06624598428606987,CloudTrace-MVAD (Full),82
18,0.029746642584602037,0.06618670746684074,CloudTrace-MVAD (Full),82
1,0.2702038337786992,0.2132956483401358,Ablation: Event only,82
2,0.15186903054515521,0.11816235561855137,Ablation: Event only,82
3,0.08101170298953851,0.0586099405772984,Ablation: Event only,82
4,0.04713054243475199,0.03714350680820644,Ablation: Event only,82
5,0.03609418192257484,0.029348693671636283,Ablation: Event only,82
6,0.03210522669057051,0.025400865357369184,Ablation: Event only,82
7,0.02896750792860985,0.02291261265054345,Ablation: Event only,82
8,0.02535743514696757,0.02100105700083077,Ablation: Event only,82
9,0.0247501315549016,0.019693569047376513,Ablation: Event only,82
10,0.022965439843634763,0.018028363352641463,Ablation: Event only,82
11,0.022593282318363588,0.017139868927188218,Ablation: Event only,82
12,0.021807300516714652,0.016958946362137794,Ablation: Event only,82
13,0.020700967839608588,0.01644483651034534,Ablation: Event only,82
14,0.02050118080029885,0.015969615546055138,Ablation: Event only,82
15,0.01987697004030148,0.015859285718761384,Ablation: Event only,82
16,0.02086822222918272,0.01576936279889196,Ablation: Event only,82
17,0.02113714482014378,0.015713139320723712,Ablation: Event only,82
18,0.01961391611645619,0.015651433495804667,Ablation: Event only,82
1,0.23389505793650944,0.23138311319053173,Ablation: No event,82
2,0.13403054649631183,0.1596106942743063,Ablation: No event,82
3,0.08438665357728799,0.1120750093832612,Ablation: No event,82
4,0.05489826289316018,0.08606738597154617,Ablation: No event,82
5,0.04118061332652966,0.07587527856230736,Ablation: No event,82
6,0.03457363123695056,0.07210790924727917,Ablation: No event,82
7,0.03124198435495297,0.0696871867403388,Ablation: No event,82
8,0.02788018099963665,0.06812160275876522,Ablation: No event,82
9,0.02714744284749031,0.06758004333823919,Ablation: No event,82
10,0.026143667846918107,0.06620947923511267,Ablation: No event,82
11,0.024889165597657362,0.06534445937722921,Ablation: No event,82
12,0.023750302257637183,0.06427500676363707,Ablation: No event,82
13,0.02388818860054016,0.0642023803666234,Ablation: No event,82
14,0.023997778880099456,0.06387181906029582,Ablation: No event,82
15,0.022628779398898284,0.0637274100445211,Ablation: No event,82
16,0.02323841309795777,0.06317646475508809,Ablation: No event,82
17,0.023979544453322888,0.06330861942842603,Ablation: No event,82
18,0.02293116841465235,0.06330029480159283,Ablation: No event,82
1,0.18267112026611965,0.17439956776797771,Ablation: No temporal,82
2,0.1150177538394928,0.13742296630516648,Ablation: No temporal,82
3,0.07575283832848072,0.09240148402750492,Ablation: No temporal,82
4,0.04287472354869048,0.06523847579956055,Ablation: No temporal,82
5,0.029399704312284787,0.05484715523198247,Ablation: No temporal,82
6,0.024378801013032594,0.05076114437542856,Ablation: No temporal,82
7,0.021968444498876732,0.048236546106636524,Ablation: No temporal,82
8,0.020337382269402345,0.04610621323809028,Ablation: No temporal,82
9,0.018438547352949777,0.044762299163267016,Ablation: No temporal,82
10,0.017943228191385666,0.04429364064708352,Ablation: No temporal,82
11,0.017119012928257387,0.04355355957522988,Ablation: No temporal,82
12,0.016511444312830765,0.0426600300706923,Ablation: No temporal,82
13,0.016640481414894263,0.04220292530953884,Ablation: No temporal,82
14,0.015665895802279315,0.0417921575717628,Ablation: No temporal,82
15,0.015704922595371804,0.041692404774948955,Ablation: No temporal,82
16,0.015977953374385834,0.041484280256554484,Ablation: No temporal,82
17,0.01577533312762777,0.04141615005210042,Ablation: No temporal,82
18,0.015926892744998138,0.04142794548533857,Ablation: No temporal,82
1,0.35353813618421553,0.33441040851175785,Ablation: No relational,82
2,0.22559517969687778,0.23512628115713596,Ablation: No relational,82
3,0.15334252243240673,0.15608788467943668,Ablation: No relational,82
4,0.10518918732802073,0.11206009332090616,Ablation: No relational,82
5,0.07891239871581396,0.09202369768172503,Ablation: No relational,82
6,0.06462668490906556,0.08003258891403675,Ablation: No relational,82
7,0.05485805198550224,0.07201481331139803,Ablation: No relational,82
8,0.05119488686323166,0.06580491829663515,Ablation: No relational,82
9,0.04836700223386288,0.06298836320638657,Ablation: No relational,82
10,0.04580914775530497,0.06088822800666094,Ablation: No relational,82
11,0.044544844329357146,0.05889320373535156,Ablation: No relational,82
12,0.04244540569682916,0.05817108973860741,Ablation: No relational,82
13,0.04245726441343625,0.0564838545396924,Ablation: No relational,82
14,0.04043850153684616,0.05627943528816104,Ablation: No relational,82
15,0.040206763831277685,0.05554172256961465,Ablation: No relational,82
16,0.04035930683215459,0.055389055516570807,Ablation: No relational,82
17,0.04036508624752363,0.05532231880351901,Ablation: No relational,82
18,0.04002538118511438,0.05529116000980139,Ablation: No relational,82
